Timestamp,Do you want the source code?,What should it be called?,Any further comments?
23/08/2014 11:56:16,"Yes, but I won't use it",Retro,
23/08/2014 11:56:53,Indifferent,Cuadro,
23/08/2014 11:56:54,"Yes, but I won't use it",Square-Legacy,Y u no add ma suggestion
23/08/2014 11:59:45,"Yes, but I won't use it",Square-Legacy,
23/08/2014 11:59:56,"Yes, but I won't use it",Square-Legacy,
23/08/2014 12:00:58,"Yes, and I will use it",Quadra,thank you for your work. 
23/08/2014 12:01:11,"Yes, and I will use it",Square-Legacy,
23/08/2014 12:02:21,Indifferent,Quadra,
23/08/2014 12:06:36,"Yes, but I won't use it",Square-Legacy,
23/08/2014 12:11:15,"Yes, and I will use it",Retro,
23/08/2014 12:13:46,Indifferent,Quadra,
23/08/2014 12:14:52,"Yes, and I will use it",Quadra,
23/08/2014 12:16:06,"Yes, and I will use it",Cuadro,
23/08/2014 12:16:52,"Yes, but I won't use it",Retro,
23/08/2014 12:20:51,"Yes, but I won't use it",Square-Legacy,
23/08/2014 12:24:22,"Yes, but I won't use it",Quadra,
23/08/2014 12:30:46,Indifferent,Quadra,
23/08/2014 12:32:28,Indifferent,Quadra,
23/08/2014 12:34:33,"Yes, but I won't use it",Prism,
23/08/2014 12:34:38,Indifferent,Square-Legacy,
23/08/2014 12:46:23,"Yes, but I won't use it",Prism,
23/08/2014 12:52:14,Indifferent,Square-Legacy,
23/08/2014 13:01:26,"Yes, and I will use it",Quadra,
23/08/2014 13:20:00,"Yes, but I won't use it",Square-Legacy,
23/08/2014 13:22:52,"Yes, but I won't use it",Square-Legacy,
23/08/2014 13:26:50,"Yes, and I will use it",Quadra,
23/08/2014 13:28:25,"Yes, but I won't use it",Quadra,
23/08/2014 13:30:58,"Yes, but I won't use it",Square-Legacy,
23/08/2014 14:00:34,"Yes, but I won't use it",Square-Legacy,
23/08/2014 14:04:07,"Yes, and I will use it",Quadra,You guys rock! 
23/08/2014 14:11:40,"Yes, and I will use it",Square-Legacy,
23/08/2014 14:21:17,"Yes, and I will use it",Retro,Wibbley wobbley please?
23/08/2014 14:37:16,"Yes, but I won't use it",Grumpy,
23/08/2014 14:37:44,Indifferent,Square-Legacy,
23/08/2014 14:38:45,"Yes, but I won't use it",Square-Legacy,
23/08/2014 14:47:09,"Yes, but I won't use it",Square-Legacy,
23/08/2014 14:49:24,"Yes, but I won't use it",Square-Legacy,
23/08/2014 15:01:15,Indifferent,Prism,
23/08/2014 15:16:13,"Yes, and I will use it",Quadra,hope i can have it for free :)
23/08/2014 15:22:06,"Yes, and I will use it",Square-Legacy,
23/08/2014 15:28:28,"Yes, but I won't use it",Square-Legacy,
23/08/2014 16:13:11,"Yes, and I will use it",Square-Legacy,
23/08/2014 16:54:03,"Yes, but I won't use it",Retro,
23/08/2014 16:56:56,Indifferent,Cuadro,
23/08/2014 17:16:07,"Yes, and I will use it",Quadra,
23/08/2014 17:18:29,"Yes, and I will use it",Quadra,
